{"noiseKey":{"private":{"type":"Buffer","data":"gBpaRLUPu0XQmk/CM35OBwQYipi/jr5IgL1WRTYBbX0="},"public":{"type":"Buffer","data":"r7sltDl5sr5iqUDbtCeI6HggndkNOOWOs2RsQRQALx8="}},"pairingEphemeralKeyPair":{"private":{"type":"Buffer","data":"mJBl0QHivma5FLh9JuSDsy4VvVe+O1nXgjIenr6tvmY="},"public":{"type":"Buffer","data":"dMOESyeaZoerzHNR8TJFzXJVs5uEovAArQu9nJFaYTY="}},"signedIdentityKey":{"private":{"type":"Buffer","data":"iBDPZ5awG3XYuzEYp9zb9c5c5VrBg1MG2BDwvcgNvno="},"public":{"type":"Buffer","data":"IQ91av87WbGFtS4wI432U8nTLYDiHkN7wwvpQqkqsTE="}},"signedPreKey":{"keyPair":{"private":{"type":"Buffer","data":"eLOOsPpUfRua2MZnbXSa6JZHc39Bgvq2emws6d7H5H8="},"public":{"type":"Buffer","data":"XAqmWScO/QABHPf8zQLb3k7J+L850xpZMdfExkCD9Vs="}},"signature":{"type":"Buffer","data":"fXWK+PmGuB7V6Ab2vNOz3cFhvrHVrzSIep+fblklwZQd5OZo2ETNgdIH/dcfelnZbfNYQS8iLHwJaZo9C6ndgw=="},"keyId":1},"registrationId":39,"advSecretKey":"PVLKOyPTrtVr6vEOQQkd1LV2t6WqSWcI0cPcTg/b+Gk=","processedHistoryMessages":[{"key":{"remoteJid":"6281249643011@s.whatsapp.net","fromMe":true,"id":"F2A25F7F2FA39B59391EB1E9E12D40FC"},"messageTimestamp":1734756791},{"key":{"remoteJid":"6281249643011@s.whatsapp.net","fromMe":true,"id":"C3529A0E138AA7FEC68481380EFCD9CC"},"messageTimestamp":1734756792},{"key":{"remoteJid":"6281249643011@s.whatsapp.net","fromMe":true,"id":"586BD6BADDA7A6F979B2040A26A26068"},"messageTimestamp":1734756799},{"key":{"remoteJid":"6281249643011@s.whatsapp.net","fromMe":true,"id":"1B2BFABE223DB54CE2B6E8EFAB448605"},"messageTimestamp":1734756800}],"nextPreKeyId":66,"firstUnuploadedPreKeyId":66,"accountSyncCounter":1,"accountSettings":{"unarchiveChats":false},"deviceId":"IOoatCXMQPCv0-QYQuTE5A","phoneId":"4235520b-c930-4f78-b422-17839525bdfe","identityId":{"type":"Buffer","data":"96sgXgbvdvGJa6a91gieVJ2SKIc="},"registered":true,"backupToken":{"type":"Buffer","data":"TsDYYPCPP7cfIeP4xlBiPLqfrnM="},"registration":{},"pairingCode":"L16F2VFJ","me":{"id":"6281249643011:5@s.whatsapp.net","jid":"6281249643011@s.whatsapp.net","lid":"61762200158244:5@lid","name":"Yuraa Botzz"},"account":{"details":"CMCU0SAQrpOZuwYYAiAAKAA=","accountSignatureKey":"V3o0iLhVvPykSyQuA5CDeBLfLrkEQeUaOGZEDM46IGw=","accountSignature":"eTfqfieJKKsmWyq+93SD2bvpklVGSrtEYgToO8oXV0WItHUM7j8s07130+MFj8by25HbIuYZlXwxdl7FC0SaBA==","deviceSignature":"CmSbR/u9atyf2CYb//pHF5Y3DUOWjMhLWDRi/BH8Xy5Z6CCI3eq19is4JF62cKbgbr/CVrKTwkGpEZey3VpNgw=="},"signalIdentities":[{"identifier":{"name":"6281249643011:5@s.whatsapp.net","deviceId":0},"identifierKey":{"type":"Buffer","data":"BVd6NIi4Vbz8pEskLgOQg3gS3y65BEHlGjhmRAzOOiBs"}}],"platform":"android","routingInfo":{"type":"Buffer","data":"CAUIAg=="},"lastAccountSyncTimestamp":1734757756,"myAppStateKeyId":"AAAAAIeH","lastPropHash":"iEaZ1"}