{"_sessions":{"BWlHYxCr/d1NNTT9yFnxzsTZRUGShk/ENPTNp2OKhZJC":{"registrationId":1134526567,"currentRatchet":{"ephemeralKeyPair":{"pubKey":"Bcy78G0KuzZrlF9MvI9owFqqbPNK36VTNLiFuiljJYoh","privKey":"UDRZKvttFS2be3p5maft0lxwHSgJmlWl3fA+IRmNvG8="},"lastRemoteEphemeralKey":"BSUWMzlcsVMz0n8oY1TxjC6QUEm1PAIxN9ewcqyQDrd4","previousCounter":0,"rootKey":"zrMOqnPx3m3oZp42e6K8ptMEakG8OXeno+CATtR+NJI="},"indexInfo":{"baseKey":"BWlHYxCr/d1NNTT9yFnxzsTZRUGShk/ENPTNp2OKhZJC","baseKeyType":2,"closed":1735114113662,"used":1735114113614,"created":1735114113614,"remoteIdentityKey":"BYmJG5Lo4ZSFfyCZNhQuY0vGggt2faJ6j8mcaB7UNWgq"},"_chains":{"BSUWMzlcsVMz0n8oY1TxjC6QUEm1PAIxN9ewcqyQDrd4":{"chainKey":{"counter":0,"key":"sNoFnj8KQwFnQHVxqEHSBWYN9qexchLNqNRMyLXL9xY="},"chainType":2,"messageKeys":{}},"Bcy78G0KuzZrlF9MvI9owFqqbPNK36VTNLiFuiljJYoh":{"chainKey":{"counter":-1,"key":"vCknAROEL1Qck9wrYKX5+UT4+fZ3aLgFZ4aHRrmmYZk="},"chainType":1,"messageKeys":{}}}},"BXo4Y65Zgpi4+XGZuwOTmFIjeew9UJo3rqmcS0wrJcQq":{"registrationId":1134526567,"currentRatchet":{"ephemeralKeyPair":{"pubKey":"BTEaBzVBxAESgJraATf2VdrwOgGbzqtKaesMLAz4Z1VC","privKey":"gPqEh61/1pnG8ItNkwTG22dLpGnFe4Gj8otNS2C71VA="},"lastRemoteEphemeralKey":"BUjoYcDpaSXw61mK0hmjqsrDfnU2FcXZwI+MLMmy03pH","previousCounter":0,"rootKey":"WWoCMIy/TFQeUyBftjByXL4uge9ALErq9P3APyMAFmg="},"indexInfo":{"baseKey":"BXo4Y65Zgpi4+XGZuwOTmFIjeew9UJo3rqmcS0wrJcQq","baseKeyType":2,"closed":1735114113714,"used":1735114113672,"created":1735114113672,"remoteIdentityKey":"BYmJG5Lo4ZSFfyCZNhQuY0vGggt2faJ6j8mcaB7UNWgq"},"_chains":{"BUjoYcDpaSXw61mK0hmjqsrDfnU2FcXZwI+MLMmy03pH":{"chainKey":{"counter":0,"key":"szejLk9mThRFTC3A6uSog7NDMlESD9kDhQPYoGXilVI="},"chainType":2,"messageKeys":{}},"BTEaBzVBxAESgJraATf2VdrwOgGbzqtKaesMLAz4Z1VC":{"chainKey":{"counter":-1,"key":"BeRuPzRR2U0te1K179AbyjIQO0X9lhYCcJR3ncNXIJA="},"chainType":1,"messageKeys":{}}}},"BbZb1nR4SxLODEKs3e7OmA+FPMoXqirI+q8C6XetRggc":{"registrationId":1134526567,"currentRatchet":{"ephemeralKeyPair":{"pubKey":"BV/Eqv7uMWYUvBeM+ViNAX2O2SS2vJ0xOnj+cjlnp+k+","privKey":"qOKyGbY0TW6NnTodKaHkrqbV40Q4F/ny3O7DCJJHLHo="},"lastRemoteEphemeralKey":"BQzGCvLfjz7MC8SbG7RcDupwIa7Dfn9TDUy7smRxcogF","previousCounter":0,"rootKey":"Q4gdIz2CNa1/psMbqAbl7D0ZZyKe6gRwqhJJ0+UEzxI="},"indexInfo":{"baseKey":"BbZb1nR4SxLODEKs3e7OmA+FPMoXqirI+q8C6XetRggc","baseKeyType":2,"closed":-1,"used":1735114645547,"created":1735114113724,"remoteIdentityKey":"BYmJG5Lo4ZSFfyCZNhQuY0vGggt2faJ6j8mcaB7UNWgq"},"_chains":{"BYr4Ms3hlsIujvZi2YHXiOeyGWEcehOReW8mKnXDeF0R":{"chainKey":{"counter":1},"chainType":2,"messageKeys":{}},"BYSjQQ2ELG0CRKmIIKzK23r7M/tVqu0F0p4B19CE0n8D":{"chainKey":{"counter":0},"chainType":2,"messageKeys":{}},"BdIZQT3/SnsPZ9NxCOFSskJGd8E33DSnEUGhkeg+ROBJ":{"chainKey":{"counter":0},"chainType":2,"messageKeys":{}},"BS/Z8yRQBCLBuQfR9AfLa+FAtGZYswXx+Xx1nSXorMQC":{"chainKey":{"counter":1},"chainType":2,"messageKeys":{}},"BcOvhhLNFCmFE9hzRG89Q+vTmDHLKTcdg+BUz5LabyMv":{"chainKey":{"counter":0},"chainType":2,"messageKeys":{}},"BU1s2XzMu4n8EvAgCGV4gAPnxTiE9Hi+qXsL0T9qF2Ic":{"chainKey":{"counter":0},"chainType":2,"messageKeys":{}},"BQzGCvLfjz7MC8SbG7RcDupwIa7Dfn9TDUy7smRxcogF":{"chainKey":{"counter":0,"key":"rM2hFZI/7fHREYp3idqZnDPnuLpYSBUyzPIiVygN9+I="},"chainType":2,"messageKeys":{}},"BV/Eqv7uMWYUvBeM+ViNAX2O2SS2vJ0xOnj+cjlnp+k+":{"chainKey":{"counter":0,"key":"xdGPRHRBvNQH7T7BOTR5uaLbT4xTGSIsIqghxkO+zLg="},"chainType":1,"messageKeys":{}}}}},"version":"v1"}