{"_sessions":{"Bd7hlfKTw65G3jvQdYNIlXGN/REosEmVGH9OB/tX6w9C":{"registrationId":1714234680,"currentRatchet":{"ephemeralKeyPair":{"pubKey":"Bbj1mrveHACTT3N23ZKbvephQQtox1rWgeCQDxcTU0Fw","privKey":"wJuavCSTVVAWiEhMdHeZHo5RqLk3GEG6GUNxu/qZ8G4="},"lastRemoteEphemeralKey":"BbYIaY1FOuH6UT5biZhSBTixz24y/XY8l3PTrL0WVi9V","previousCounter":0,"rootKey":"CrZStsJIyjGXSxS4AjEWlOdzy3V31SN7RZP0NWosNcU="},"indexInfo":{"baseKey":"Bd7hlfKTw65G3jvQdYNIlXGN/REosEmVGH9OB/tX6w9C","baseKeyType":1,"closed":-1,"used":1735114111016,"created":1735114111016,"remoteIdentityKey":"BW9r7XAi4uOJ4kaW2gyuyPqxvrQgR6FMAjUJE7nFa9p2"},"_chains":{"Bbj1mrveHACTT3N23ZKbvephQQtox1rWgeCQDxcTU0Fw":{"chainKey":{"counter":4,"key":"Tyrfx9VkdEU47iVgb5aATEojn0QEJaQbTHR+8DFw1mY="},"chainType":1,"messageKeys":{}}},"pendingPreKey":{"signedKeyId":2,"baseKey":"Bd7hlfKTw65G3jvQdYNIlXGN/REosEmVGH9OB/tX6w9C"}}},"version":"v1"}