{"_sessions":{"BUZDzoXcoehrIx8sZ2QsIiGauC9A3C/EZcbbUr2ehJEe":{"registrationId":2069709677,"currentRatchet":{"ephemeralKeyPair":{"pubKey":"BboeldH+T1RWk/2P36SdlL7HxHquN4JcJgyNF1JlnU8x","privKey":"uK9xp2tWfwvsdt7fHazFqC5pMjZVWVylbSZnXgGwiF0="},"lastRemoteEphemeralKey":"BbaqN3bBlv3Ix2u3pCQSoa/2+2yeewZOAe2i34HkrJ8m","previousCounter":0,"rootKey":"REqKFoQlQTFnYYEAEnQ7XDulncuAKrny0eAOxBiTDOg="},"indexInfo":{"baseKey":"BUZDzoXcoehrIx8sZ2QsIiGauC9A3C/EZcbbUr2ehJEe","baseKeyType":1,"closed":-1,"used":1735114111048,"created":1735114111048,"remoteIdentityKey":"Bc+UoH8XTo3+mutJRP0ETmtYbgaxiAgjOSYNgnVFCWQr"},"_chains":{"BboeldH+T1RWk/2P36SdlL7HxHquN4JcJgyNF1JlnU8x":{"chainKey":{"counter":4,"key":"K06Ukzu5f8qd9J7u/mHwXW7mnF1f4syIFLCnKMbUf5s="},"chainType":1,"messageKeys":{}}},"pendingPreKey":{"signedKeyId":2,"baseKey":"BUZDzoXcoehrIx8sZ2QsIiGauC9A3C/EZcbbUr2ehJEe","preKeyId":1072348}}},"version":"v1"}