{"_sessions":{"BZej/4XMe8zSccSJE7rbYxOQSCvh7so/Budh4rck4fQD":{"registrationId":140,"currentRatchet":{"ephemeralKeyPair":{"pubKey":"BVN/4bdBrzHLhkn3GdtbtH7nqQeG+THPY0s/cgZEYbsj","privKey":"4EK/6ff3PkvJvd512LWNcYC1hWDMf3J+6XiQWlD5Nlg="},"lastRemoteEphemeralKey":"BWqHuJv/yhVdTwc0PUv5xd8W7KruHCh4q5ip/UbkizF7","previousCounter":0,"rootKey":"2AkObPqa9paDYCg1vqJpsXMt+qxYqATeZWLqvAYcMCI="},"indexInfo":{"baseKey":"BZej/4XMe8zSccSJE7rbYxOQSCvh7so/Budh4rck4fQD","baseKeyType":1,"closed":-1,"used":1735114110997,"created":1735114110997,"remoteIdentityKey":"BYJO6mRcr6xUpMc7IWqlqOPVDKZlzvdrmYjnnrXnPp87"},"_chains":{"BVN/4bdBrzHLhkn3GdtbtH7nqQeG+THPY0s/cgZEYbsj":{"chainKey":{"counter":15,"key":"lvquMqlJQCtrfbFpZ0/hKsnVpCW3YssxwP4vokvrTsY="},"chainType":1,"messageKeys":{}}},"pendingPreKey":{"signedKeyId":1,"baseKey":"BZej/4XMe8zSccSJE7rbYxOQSCvh7so/Budh4rck4fQD","preKeyId":36}}},"version":"v1"}