{"_sessions":{"BSsVFxpXDBrI1nJ0dzbBm9MdXNJ3Kn//IAiqYNOe01hL":{"registrationId":1032613982,"currentRatchet":{"ephemeralKeyPair":{"pubKey":"BXfGoSftYNS+3CgO4OclN60LKN8/O/zElvnzJ5AZ/bR2","privKey":"MNgw0jkpbzcX3DWUTnhzX6qUiEA+OvLFKXICalTmv00="},"lastRemoteEphemeralKey":"BSCps7Ez6Ft9yKJrwMxp+TAOVcrthJsUqHft20E//WJK","previousCounter":0,"rootKey":"hR2ubHgLeW9OK+EM+LrgJPhJ5G00rxiJNxLwBoYhw3k="},"indexInfo":{"baseKey":"BSsVFxpXDBrI1nJ0dzbBm9MdXNJ3Kn//IAiqYNOe01hL","baseKeyType":1,"closed":1735114112453,"used":1735114111032,"created":1735114111032,"remoteIdentityKey":"BVd6NIi4Vbz8pEskLgOQg3gS3y65BEHlGjhmRAzOOiBs"},"_chains":{"BXfGoSftYNS+3CgO4OclN60LKN8/O/zElvnzJ5AZ/bR2":{"chainKey":{"counter":0,"key":"0cNXg3nWvZB2gFpp9be5U4cMSjsKNkp9wcxWvUDyjAk="},"chainType":1,"messageKeys":{}}},"pendingPreKey":{"signedKeyId":0,"baseKey":"BSsVFxpXDBrI1nJ0dzbBm9MdXNJ3Kn//IAiqYNOe01hL","preKeyId":3652197}},"Bca+25/Yxd7KdLulxAHDa79ew1s2jxx2Rw+MVBA+vUJ+":{"registrationId":1032613982,"currentRatchet":{"ephemeralKeyPair":{"pubKey":"BRlDB6jpSF6xqkxbvQVtb2XnxKMn0RNCQhxfykYc+Moy","privKey":"gFJoO0pCFMMnQdUGPQHzp64pAmBx/xJ8JkHW4LsWc3A="},"lastRemoteEphemeralKey":"BZpLol6PdadCv1qc0tMOPmSIhFkRd2YLfz+wgGOzyMsD","previousCounter":0,"rootKey":"RNCV96olI82i70ifqQ/VuGaLZ0dglq6NWb0R1MNSBoQ="},"indexInfo":{"baseKey":"Bca+25/Yxd7KdLulxAHDa79ew1s2jxx2Rw+MVBA+vUJ+","baseKeyType":2,"closed":-1,"used":1735114112464,"created":1735114112464,"remoteIdentityKey":"BVd6NIi4Vbz8pEskLgOQg3gS3y65BEHlGjhmRAzOOiBs"},"_chains":{"BZpLol6PdadCv1qc0tMOPmSIhFkRd2YLfz+wgGOzyMsD":{"chainKey":{"counter":0,"key":"2iNbqt8AJvP15ziZU8me2BVc61fEBzszoa0B7+7MR7Y="},"chainType":2,"messageKeys":{}},"BRlDB6jpSF6xqkxbvQVtb2XnxKMn0RNCQhxfykYc+Moy":{"chainKey":{"counter":14,"key":"kGDs2A/xFtUvigKlRNxbPwdJkWeGlCtMbSMAbSH12/U="},"chainType":1,"messageKeys":{}}}}},"version":"v1"}